[{"id":"62dd0a07-caf8-4466-922c-5d95ba71ad74","name":"Homepage","codename":"homepage","type":{"id":"fecd9bc3-8595-4d2c-8dba-ddf1dc80dae4"},"collection":{"id":"00000000-0000-0000-0000-000000000000"},"sitemap_locations":[],"last_modified":"2020-11-11T16:02:34.8016735Z"},{"id":"54638024-e139-4249-a18e-c7cd7786bb36","name":"Homepage Sample Content","codename":"introduction","type":{"id":"fb68f918-2a75-487a-99e7-3f78e9dece9c"},"collection":{"id":"00000000-0000-0000-0000-000000000000"},"sitemap_locations":[],"last_modified":"2020-11-11T16:05:28.9627752Z"},{"id":"be3cd15d-f1ae-40c2-a9fb-f676f8b0d2f4","name":"Sample Subpage","codename":"sample_subpage","type":{"id":"5eacd116-893f-4a79-b7bf-839694eebd34"},"collection":{"id":"00000000-0000-0000-0000-000000000000"},"sitemap_locations":[],"last_modified":"2020-11-11T16:04:47.8520349Z"},{"id":"8eec7335-96d4-4e77-bf28-253fa716fb81","name":"Sample Documentation","codename":"sample_documentation","type":{"id":"fb68f918-2a75-487a-99e7-3f78e9dece9c"},"collection":{"id":"00000000-0000-0000-0000-000000000000"},"sitemap_locations":[],"last_modified":"2020-11-11T16:04:30.4708336Z"}]