[{"id":"c0250a8e-822e-4249-81a7-f5ef9a5f13ac","codename":"callout","last_modified":"2020-11-10T17:37:37.4121742Z","name":"Callout","content_groups":[],"elements":[{"maximum_text_length":null,"name":"Title","guidelines":null,"is_required":false,"type":"text","id":"5a1b9073-20bf-41a3-84f2-790bb9d02c33","codename":"title"},{"maximum_text_length":null,"maximum_image_size":null,"allowed_content_types":[],"image_width_limit":null,"image_height_limit":null,"allowed_image_types":"any","allowed_blocks":["text"],"allowed_formatting":[],"allowed_text_blocks":[],"allowed_table_blocks":[],"allowed_table_formatting":[],"allowed_table_text_blocks":[],"name":"Body","guidelines":null,"is_required":true,"type":"rich_text","id":"a922df16-5347-4082-a512-d2217b22ea19","codename":"body"},{"mode":"single","options":[{"id":"1ea330ca-8918-44f8-abf7-31d7e4a46dad","codename":"note","name":"note"},{"id":"8f3c2893-3e4a-446f-8e21-4ccd70cccda2","codename":"tip","name":"tip"},{"id":"1af40d5d-ad05-4577-93b2-08937d5b1d40","codename":"info","name":"info"},{"id":"ee6f7d18-d387-4ed8-9378-913088fb8bb1","codename":"caution","name":"caution"},{"id":"f9c8fb73-b356-4230-b971-6c0f28ac2869","codename":"danger","name":"danger"}],"name":"Type","guidelines":null,"is_required":true,"type":"multiple_choice","id":"15ba4ba8-978e-447a-b0cd-f883451a5276","codename":"type"}]},{"id":"15a2b669-960a-4891-80ec-2e2057e69f53","codename":"code_block","last_modified":"2020-11-11T15:24:10.4276132Z","name":"Code Block","content_groups":[],"elements":[{"maximum_text_length":null,"name":"code","guidelines":null,"is_required":false,"type":"text","id":"719f6056-061c-4cb4-9bb8-7ee6b8eb6cbc","codename":"code"}]},{"id":"fb68f918-2a75-487a-99e7-3f78e9dece9c","codename":"documentation","last_modified":"2020-10-19T17:19:50.4459057Z","name":"Documentation","content_groups":[],"elements":[{"maximum_text_length":null,"name":"Title","guidelines":null,"is_required":false,"type":"text","id":"35d7d752-2e42-40fe-aefc-de0e9d49ca6a","codename":"title"},{"maximum_text_length":null,"maximum_image_size":null,"allowed_content_types":[],"image_width_limit":null,"image_height_limit":null,"allowed_image_types":"any","allowed_blocks":[],"allowed_formatting":[],"allowed_text_blocks":[],"allowed_table_blocks":[],"allowed_table_formatting":[],"allowed_table_text_blocks":[],"name":"Body Copy","guidelines":null,"is_required":false,"type":"rich_text","id":"d667264f-c0cf-47a1-9532-0a7a62bb6df0","codename":"body_copy"},{"depends_on":{"element":{"id":"35d7d752-2e42-40fe-aefc-de0e9d49ca6a"}},"name":"Url","guidelines":"Homepage content must use \"/\" as its URL slug.","is_required":false,"type":"url_slug","id":"7e64fef2-28b7-4b5d-8e1c-8856b6226c71","codename":"url"}]},{"id":"cfade7c1-4a8d-42e9-8c7f-97368d2ba05a","codename":"youtube_video","last_modified":"2020-11-10T18:49:52.6292767Z","name":"YouTube Video","content_groups":[],"elements":[{"maximum_text_length":null,"name":"Video Title","guidelines":null,"is_required":false,"type":"text","id":"668f8aba-3fd6-4035-bc80-baaca9a160de","codename":"video_title"},{"maximum_text_length":null,"name":"Video ID","guidelines":null,"is_required":false,"type":"text","id":"de1725a5-4a26-47a2-a816-91ebf1a6d1c1","codename":"video_id"}]},{"id":"5eacd116-893f-4a79-b7bf-839694eebd34","codename":"page","last_modified":"2020-11-11T14:06:20.8775751Z","name":"Page","content_groups":[],"elements":[{"maximum_text_length":null,"name":"Title","guidelines":null,"is_required":false,"type":"text","id":"38edfd8b-f87c-40bb-83a1-b2a3b14e619b","codename":"title"},{"depends_on":{"element":{"id":"38edfd8b-f87c-40bb-83a1-b2a3b14e619b"}},"name":"URL","guidelines":null,"is_required":false,"type":"url_slug","id":"d1142a73-d9f5-4e71-8931-404f04e5a37e","codename":"url"},{"mode":"single","options":[{"id":"6dcfcf7f-04ef-44c7-8471-d971606aa7ac","codename":"yes","name":"Yes"},{"id":"c2c3a4cc-340a-48d3-b366-275391e465a1","codename":"no","name":"No"}],"name":"Show in navigation","guidelines":null,"is_required":false,"type":"multiple_choice","id":"f7d1b5f9-f514-45a0-bd70-05268f1ef573","codename":"show_in_navigation"},{"item_count_limit":null,"allowed_content_types":[{"id":"5eacd116-893f-4a79-b7bf-839694eebd34"},{"id":"fb68f918-2a75-487a-99e7-3f78e9dece9c"}],"name":"Subpages","guidelines":null,"is_required":true,"type":"modular_content","id":"ed67a8d4-b76e-48f0-8a4a-f1c39fd2ba58","codename":"subpages"}]},{"id":"fecd9bc3-8595-4d2c-8dba-ddf1dc80dae4","codename":"homepage","last_modified":"2020-11-11T14:06:31.227343Z","name":"Homepage","content_groups":[],"elements":[{"maximum_text_length":null,"name":"Title","guidelines":null,"is_required":false,"type":"text","id":"2d8f7245-8ca0-4809-8eab-196057e4d1f8","codename":"title"},{"item_count_limit":null,"allowed_content_types":[{"id":"5eacd116-893f-4a79-b7bf-839694eebd34"}],"name":"Subpages","guidelines":null,"is_required":false,"type":"modular_content","id":"60999bb8-78d0-42c6-a606-8154656127c5","codename":"subpages"},{"item_count_limit":null,"allowed_content_types":[{"id":"fb68f918-2a75-487a-99e7-3f78e9dece9c"}],"name":"Content","guidelines":null,"is_required":false,"type":"modular_content","id":"be6f92fa-8123-4479-b1d7-6f3cd39d7d22","codename":"content"}]}]