[{"elements":[{"element":{"id":"35d7d752-2e42-40fe-aefc-de0e9d49ca6a"},"value":"Homepage sample"},{"components":[],"element":{"id":"d667264f-c0cf-47a1-9532-0a7a62bb6df0"},"value":"<p>Documentation content sample.</p>"},{"mode":"custom","element":{"id":"7e64fef2-28b7-4b5d-8e1c-8856b6226c71"},"value":"/"}],"workflow_step":{"id":"c199950d-99f0-4983-b711-6c4c91624b22"},"item":{"id":"54638024-e139-4249-a18e-c7cd7786bb36"},"language":{"id":"00000000-0000-0000-0000-000000000000"},"last_modified":"2020-11-11T16:19:08.0740662Z"},{"elements":[{"element":{"id":"35d7d752-2e42-40fe-aefc-de0e9d49ca6a"},"value":"Sample Documentation "},{"components":[],"element":{"id":"d667264f-c0cf-47a1-9532-0a7a62bb6df0"},"value":"<p>A sample documentation page.</p>"},{"mode":"autogenerated","element":{"id":"7e64fef2-28b7-4b5d-8e1c-8856b6226c71"},"value":"sample-documentation"}],"workflow_step":{"id":"c199950d-99f0-4983-b711-6c4c91624b22"},"item":{"id":"8eec7335-96d4-4e77-bf28-253fa716fb81"},"language":{"id":"00000000-0000-0000-0000-000000000000"},"last_modified":"2020-11-11T16:04:39.3675813Z"},{"elements":[{"element":{"id":"38edfd8b-f87c-40bb-83a1-b2a3b14e619b"},"value":"Sample Subpage"},{"mode":"autogenerated","element":{"id":"d1142a73-d9f5-4e71-8931-404f04e5a37e"},"value":"sample-subpage"},{"element":{"id":"f7d1b5f9-f514-45a0-bd70-05268f1ef573"},"value":[]},{"element":{"id":"ed67a8d4-b76e-48f0-8a4a-f1c39fd2ba58"},"value":[{"id":"8eec7335-96d4-4e77-bf28-253fa716fb81"}]}],"workflow_step":{"id":"c199950d-99f0-4983-b711-6c4c91624b22"},"item":{"id":"be3cd15d-f1ae-40c2-a9fb-f676f8b0d2f4"},"language":{"id":"00000000-0000-0000-0000-000000000000"},"last_modified":"2020-11-11T16:04:50.4613842Z"},{"elements":[{"element":{"id":"2d8f7245-8ca0-4809-8eab-196057e4d1f8"},"value":"Homepage"},{"element":{"id":"60999bb8-78d0-42c6-a606-8154656127c5"},"value":[{"id":"be3cd15d-f1ae-40c2-a9fb-f676f8b0d2f4"}]},{"element":{"id":"be6f92fa-8123-4479-b1d7-6f3cd39d7d22"},"value":[{"id":"54638024-e139-4249-a18e-c7cd7786bb36"}]}],"workflow_step":{"id":"c199950d-99f0-4983-b711-6c4c91624b22"},"item":{"id":"62dd0a07-caf8-4466-922c-5d95ba71ad74"},"language":{"id":"00000000-0000-0000-0000-000000000000"},"last_modified":"2020-11-11T16:04:03.0913504Z"}]